{
  "enhanced_image": "/app/results/full_run/reconstructed_post_mprnet.png",
  "yolo": {
    "detections": [
      {
        "class_id": 0,
        "conf": 0.5515483617782593,
        "xyxy": [
          382.5138854980469,
          305.61529541015625,
          1071.1448974609375,
          889.09912109375
        ]
      },
      {
        "class_id": 0,
        "conf": 0.26072680950164795,
        "xyxy": [
          6.6486358642578125,
          300.23858642578125,
          1085.576904296875,
          888.6990966796875
        ]
      }
    ]
  },
  "ocr": {
    "text": " \n\nPear\n\f"
  }
}